path,bytes,sha256
.github/workflows/ci.yml,2475,c0bb81e9c005ec6e7d9d251f4cdec276ebc789805c5128949e96df05eed478be
.gitignore,140,85103516b47f41335804e2ecf7208248b82dce614d36f6d928c8400d110b7507
CHANGELOG.md,654,9c0cddeb732d7f9f27ddb0a96bbcfa1d8b34a997375cabcf571f084a5fffe843
CITATION.cff,375,9dc15d746f030e9c939ce464f6b0493b1de1d57025eebaf66d14bee698f87257
CODE_OF_CONDUCT.md,302,968edd1a7fe6702c7510fe3169668050e6ff98ea2efdfc7d2b3918eb04c353b9
CONTRIBUTING.md,664,de2204b8a6fe9b4442883e0a706c1dd62bcfc894f606f659b4bb0489f5ca6632
GOVERNANCE.md,818,0974842d4bed357375d4e95ab287ab41f5181bde7c24e2c55a1e4fba7c54fb85
LICENSE,1074,76fd8fe34f77e1ae6d2b3026e18d94faf5ecbc6d1cceff616131583ed92c2148
MANUAL_UPLOAD.md,1879,218c9849db259e10bf6e184e177da027587c536dbeb1edf2b246dacf4abc0ff2
PARITY_STATUS.md,1505,ad580686f662a1aa8a5e97c3e524c4ecb124b95a07262b054e68d6d457f4c1cd
PROHIBITED-USE.md,605,44c74887f007056c5852b54dc756c8d54e730ef4d40b6f84e8b69b2f52958778
README.md,5132,f0d2894ef2b438757688c3e5a0197afaa36438734f66e92b5c0f0234d2469ea5
REFERENCE_BASELINE.md,634,c78fb7f9cffdf48d2630abef2a3f057257f7b0764add3498a4d0516d6365fa43
SECURITY.md,184,39d2879eb5d63ee2000cf78cc65dff5ad835f978b7e9a2d0e91f70d86ac37831
UPLOAD_CHECKLIST.md,1289,cb229285b81e5b7556232d3b43c922a7426cdcbc5e3bc60a7f8016b14dddcf73
VALIDATION_REPORT.md,2140,902cbe59bfc15ce1c93996bcddbf6312d2c7f8836829d21c1fe1258716149185
docs/articles/analysis-plan-governance.md,597,e3b993dfe4dd7894be10a1d4b0821206bb3d1d01e7f370b4f95e8594000981be
docs/articles/api-stability-contracts.md,844,529fcf5ba300392c80e1edd717d399724cd2563573282874a1ce61d7775ddb88
docs/articles/assigned-condition-discrimination.md,638,34b5d6110a8890ef9ad2d3bbb75ea5b0d5980a14ceedce21915bd356b6beebb6
docs/articles/contaminated-manifest-leakage.md,502,abbd970142b226059438a82e1abb50b88d618fe3120e999ef75443165b081561
docs/articles/cross-package-interoperability.md,647,fbf2f0b6e82f659e15099c982ff4826496a49a1b271489f38d21c8cc8f66b6ab
docs/articles/dataset-shift-and-robustness.md,649,e5e1b337eeb58e78e34546257f4883c3683eb8c33301fa364020c2af190f4fec
docs/articles/decision-governance.md,751,d7adced4dad78a25e9ce0b2b7a570713cc457e7d862b0e5239dfc949f97da83c
docs/articles/external-validation-reporting.md,503,6bc6bf7a78d79c1d0cf0b91657c5bdd681ad0db98fa84e1092f8569a7893c608
docs/articles/governance-standards-profile.md,691,e4f1c0a84dd83a4ff4c1c2be01b8660bdf6aabad7485267383a4781e80252fa6
docs/articles/group-aware-conformal-prediction.md,776,d1054b0c20c8c57bd4c18bd203766ac9eb88bb5a8f5a9fc3412919c1f6b5862e
docs/articles/index.md,1298,bd7350601b1bf2dbe1ab8eb8f897396863baf2f912249c6a1426633a15b04bf0
docs/articles/integrated-research-workflow.md,967,cf211a0616d2fae0279cf22bd3878578e98e4cdf31d310557462f244cef9fc46
docs/articles/nested-grouped-resampling.md,439,56eedfd3d3b76ee4718ae72f6e5f9cbdd3a4bf689b250917f92713262cc25b5e
docs/articles/observed-behavioral-endpoint.md,466,4088211c7d4e44e8c4414425f1688e558117d19af5728623094a57c930d052c6
docs/articles/optional-engine-portability.md,772,1a02eda1be90f5f231bb91d298c14fc768829ace975e127d65431af78fff5f2f
docs/articles/participant-generalization.md,447,6d636929972daad6fa5c6ff797260b7f5fcc3c151965f09ce477a529002b7730
docs/articles/participant-stimulus-generalization.md,489,04b9b7844c3714ab5008ade7f146aa8b06317e07b8007e6138cccbe9b74e7be4
docs/articles/portable-research-artifacts.md,791,04521562a504a1187e7bfe3f05f13c87a994a4eb6888c3f8d66ed360c17d2502
docs/articles/recording-quality-review.md,690,da46dffb36627ac76b6cecdbe6375e77710cb89e530c6511e38bfcadc46116a1
docs/articles/reproducibility-hardening.md,674,7bb271266acb0f164b1eba380619be725388f5df57b2d4dcee4957ed9b0d6185
docs/articles/stimulus-generalization.md,400,4d1fe077fcf3a94e89f09ac2c43ba7fb735831fb66757d317f28927e0c7f1ee4
docs/index.md,151,7ce72f7e062eb7e044dad7a4499e8c71df5d2f2d3aeebec87cabc16693ea285e
docs/reference/apply_gazepoint_calibrator.md,386,e06c89a4450bf4ab84a13e0e23d3c8425b142e4df77222113806da1a4eaca460
docs/reference/apply_gazepoint_decision_rule.md,465,e63a8b5de33c7bcbb454d38c2e68ccb55bdf7aeda7629711dbc33f5eb0d03bf4
docs/reference/as_gp3ml_data.md,360,d3a9274ae4ba44471365b96c930f3a84dcb45a614c01e7cb84caf7cde6d23530
docs/reference/assert_gp3ml_engine_available.md,411,cdbbef3c9494245f7dce2c88d5329a5aac55352a3c07515efe4991311f297c3e
docs/reference/assert_gp3ml_use_case.md,399,91202314801393d3c1d202714a73be1ecfae4074a40a9b4df69f9467f5fc73bf
docs/reference/assess_gazepoint_calibration.md,504,30ca705d38ca17fc16513f709929a9e580f8c7cb7fdd3dfc670c35f4f7740ea5
docs/reference/assess_gazepoint_conformal_coverage.md,433,423dc6d98dfb2313c6d5a4bb340404270184d6182de3242a8627a49a0a37439d
docs/reference/audit_gazepoint_abstention.md,384,f5b9cfd73d59186091cc626f45cfdb406daae7a2e019122fd13ac159c160aa03
docs/reference/audit_gazepoint_dataset_shift.md,590,880c1fe8009c9ee1fd8c24aea1518ec68f4c062fef559311ea9a0a772efa73dc
docs/reference/audit_gazepoint_group_folds.md,391,3c027b6bb7cf3afff8370dd979844287bedf685e86fdcf6aa4e2254ee1c1ab0e
docs/reference/audit_gazepoint_missingness_shift.md,489,b76a8f97c6075c1765cc9de0c72988955e4df05b0f6494268f4ff3c48cd5ca3f
docs/reference/audit_gazepoint_ml_leakage.md,912,e338dfa01c48d4bb0efcff23fa25ec20aad0047fc9cb064967f28fd49a5360e7
docs/reference/audit_gazepoint_model_robustness.md,550,bc017ceeeb3a8c26c4653928e4e756fe27a901697ec7fbb1d43b250f47baa0ac
docs/reference/audit_gazepoint_nested_resampling.md,486,b1491e58324b664e5b4c18ffa11672d2a0f5a9e7aba9e75a4f9f375a04c84ff4
docs/reference/audit_gazepoint_plan_deviations.md,627,6f52625dacbc084277378cb008cbace90d4a98e3a2bea86dade388faa1c78e43
docs/reference/audit_gazepoint_reproducibility.md,510,64f11398146e6b38f1d3e279a004ee76ae867d04306bcb5320712e8e0d497bab
docs/reference/audit_gp3ml_api_stability.md,368,7920b05982aca85fb6e1bde041b25887a30f285d8bc0fd2ef08b3fc56bf6d733
docs/reference/audit_gp3ml_governance_profile.md,378,194c68e63b6f6d178d9c41ac3f6dc0cc0230bddb3764517782dd97aacf67207f
docs/reference/bake_gazepoint_preprocessor.md,384,3acdb478ac67dbb744480286e97fde60e624b355735060e6e5d0c607c8dba982
docs/reference/bootstrap_gazepoint_metrics.md,536,10366a2a20ce8d18056584bc0c5c088d62b79f5a1ef03fd793640656553c0ce9
docs/reference/bootstrap_gazepoint_metrics_by_unit.md,978,3ca40b3f0639b35c70bee3e53788b3d6c0ad30961420850247d6d80481ba2748
docs/reference/capture_gazepoint_environment.md,477,7318ab98625dcd1b68dc2735bec1ff736f391a624a0e05950130ab8a8ce06d53
docs/reference/collect_gazepoint_fold_predictions.md,437,245bd8b95fa12e4cd707b0a52f3cf333e73402b261cf74cfbaf360eb7b7f86ab
docs/reference/combine_gazepoint_handoffs.md,432,21550d7d61c2fc4297eb6fad20338c728959c504bdbcbff94d46081bc24c16fb
docs/reference/compare_gazepoint_environments.md,381,8fc050d3da110bd25125f0aa9e569bf5bb3f7b3edb498c3cec4d7ef41a721c6e
docs/reference/compare_gazepoint_models.md,420,312fb14b63956821ebb3db92b2d662ea85df6b46238d3c5b5bd92bd709b88f9b
docs/reference/create_external_validation_report.md,469,0637df92f22010a0f6f3ec8b032ac99837ba56fa98012c81140edef35b08bd06
docs/reference/create_gazepoint_decision_rule.md,768,b20b39ebce472ee052c27f42500ce3157acb115fe2585f1da4fa1932c3202d3e
docs/reference/create_gazepoint_feature_manifest.md,941,172561ce1bdd921709fc4e062047c2a8259efbc7a2b06481048c9385c4c402e6
docs/reference/create_gazepoint_group_folds.md,824,85101a9460008bebb0592c8738004ed6fded63067bbdfdd9460a21e9ce7a49ec
docs/reference/create_gazepoint_handoff.md,561,b839f6ee7d920ad53a56057bdbd9cd668659e72ada6324029f99941fc1094db3
docs/reference/create_gazepoint_model_artifact.md,597,7e75a4bd588e506fb0ee7d05c6c0c01536114ddffd9a7d5cbd26c56ce976292c
docs/reference/create_gazepoint_model_card.md,547,be695f0434b82da2a3b02983abd61b840581f06d0d3993f94ac9c3945dc60941
docs/reference/create_gazepoint_nested_folds.md,710,0f240b8ce8d00585a90a02518c44ca3b245545296f91d0356204712ce6a32dde
docs/reference/create_gazepoint_release_evidence.md,513,64df923a40878c9f5e82408d514ce4a9bf85687ca270f9030475dfd2531a65ef
docs/reference/create_gazepoint_release_model_card.md,806,1f0321896525e5a9b08ee4b5055b6c360c78340c5931945601cb0f3e29c3edd6
docs/reference/create_gazepoint_reproducibility_report.md,492,aa92354b0385dd0f30aa90e6c1527b18fe81e5748b8b110e34773be7c280bba8
docs/reference/create_gazepoint_synthetic_manifest.md,522,c1baeb81ffa4a00d2613730ae6cd741bf24948b57221e62a74fdb04ee4102a7d
docs/reference/create_gazepoint_synthetic_task.md,666,0a49519facc7141d5155cf0e6428322c91aef1334309c5987ae638e42e5a029e
docs/reference/create_gazepoint_tuning_grid.md,652,ee5c95c2ff3b1f47915007ae94100e5ad7a4a7f9c9a733ebe04a90492c2ca66c
docs/reference/create_gp3ml_governance_profile.md,488,f178d60450ae87a60c46081c9a8ded31c0de3247a227ae3e3ff6fca6553accbc
docs/reference/declare_gazepoint_analysis_plan.md,875,ccdbd74099bc6787df005d58b7bba13016d716f728bd62fd9d4c25aafea85c45
docs/reference/declare_gazepoint_external_dataset.md,644,79e592d0c2f77dfdd6bf67bd16764b5e3e4e7af2b8f12561fc91ca9b29ae37b2
docs/reference/declare_gazepoint_task.md,737,798d3f97df9b9c6b39e6351339d800d9ccad39cb062d6aa7fbb08311cbeee80d
docs/reference/diagnose_gazepoint_group_folds.md,543,b87263250b4f2ff6c651e3e87bde6a1dcea1bbc4df7e03d599579d1ac92447e8
docs/reference/evaluate_external_validation.md,509,354867d848d536b325b3ff85bfb39fd421c3f1ce7a930f00dab572b110d884de
docs/reference/evaluate_gazepoint_external_transportability.md,737,2a3f4e285a6ed7e583e0b4b491c9cd4887f13823587e78912b73e1aa40d0f44f
docs/reference/evaluate_gazepoint_feature_stability.md,423,741076875d9998e303cfaa4c4d20ad663fbc3022bc164acb7da7b06ab7f430c3
docs/reference/evaluate_gazepoint_group_folds.md,1025,05f6abc8e78fdf1dd6a39358579fef95ae409610c1db48c8ee542b1da7a84d27
docs/reference/evaluate_gazepoint_missingness_sensitivity.md,458,8c450b71736bd078b96e478305694a82573797a9420d720420fe090b459acd60
docs/reference/evaluate_gazepoint_nested_resampling.md,767,c1f427590000f8698a9101caa3b5a358d57d32c87ec6ec17cd7722c1b0060bb7
docs/reference/evaluate_gazepoint_seed_stability.md,377,8e0a13fb1ecdac493d5238d8c39f2447350ca0a3188ed0199662f049cb435f64
docs/reference/evaluate_gazepoint_threshold_stability.md,504,c631b33b6976bc2a2e3cff7e1baa415304c3396a61eadefe75557fcdf87f4c3a
docs/reference/evaluate_gazepoint_thresholds.md,488,e11215981e6d1512f1d3d25b05182b02d90615ba3fd1ef57f021ce84f33f6353
docs/reference/fit_gazepoint_calibrator.md,417,edbb0a92ca6879b1e09488e3482c0928dd1682635572d824d75b1febdd3bfa81
docs/reference/fit_gazepoint_conformal.md,1008,b5d71012a8bf599d9cbe62eadb986db5cd1fccae5283f2184ab3ea1f42d3fef1
docs/reference/fit_gazepoint_deep_model.md,621,e7d2bdbb5ede7bb1226b36e4439f215019dd8b150f29e4bcc0a0f7090df7e8cc
docs/reference/fit_gazepoint_model.md,491,2b133c2ed9edf06d5f8a3df0eb3d5b5b68b5f679a8cf55335101101e827d2539
docs/reference/fit_gazepoint_preprocessor.md,530,aab5fe56e1fc162717f119b35f178e5bc5e4d897edf8588079e734585402b4ab
docs/reference/gazepoint_classification_metrics.md,447,ae907b061d8e30b18504f2f62087f762d7f4fd6ec85baf05debf96aaba286b8e
docs/reference/gazepoint_performance_metrics.md,437,717339948e537d545e0d8d6349e340dcc12c8634c47c3f5b1204dbbf782b1276
docs/reference/gazepoint_regression_metrics.md,348,658a5ddd9e7889eb9a982ad8d899ea62408e279a5a28ec9aa868482e7c65fd78
docs/reference/gp3ml_api_contracts.md,576,21c67ea0dd4f54ccb273bf065e1168f1985cfac6a324dce422073719843dccbe
docs/reference/gp3ml_available_engines.md,336,61bc8c097e32a3c9bf82ec1939882603f0a9e1271133fc7421a1151ffa6f1c5c
docs/reference/gp3ml_engine_capabilities.md,387,826588117880b2768422d2220881bb80257613695e01ba0790d5e04ee4705aa9
docs/reference/gp3ml_interop_contracts.md,526,aa9bff39cd0bc2870a07f8c82233914aba658ed8e35c6319b9c01e1bb2e44314
docs/reference/gp3ml_object_schema.md,362,92182cdedb4cfa2d044b2e0c5feb9c3dd509d493b92088876bf6bc74e9668c01
docs/reference/gp3ml_prohibited_uses.md,316,49fdb3dca645921dbc45c80131af4cbf384f29beebef2b9b8ef5bc76c36bd8f4
docs/reference/index.md,9153,d12647388980549c55cc6393d8a5f4afd902500fb3d4bbd52699b2147c56485c
docs/reference/integrate_black_box_model.md,523,459e0cd3e6f626f77b574a93e9e89da6b56c8acab99f081c10c074583cdfad51
docs/reference/lock_gazepoint_analysis_plan.md,409,0fd1652b58cc427f34eec104bf6beaf478baa00b7f836c895ff953e0f6b20402
docs/reference/normalize_gazepoint_artifact_text.md,442,e5ee8072a59143ef40de00318eaae95b718b3d2d41e5da8a3d7eed2c77be063b
docs/reference/predict_gazepoint_interval.md,383,0ce2ef914a2743ee6b1420f8eb4562bafd08df1716bcc2694379399e25ea3f0e
docs/reference/predict_gazepoint_set.md,373,89b85a7c01ca5b6a5f3819d3ba06b4f5f23834f21188199048e0c12dc0c29ffd
docs/reference/restore_gazepoint_model_artifact.md,363,daf8b868c8e10dd3ad73a5db732167c8a978a4f5a0258c6e3ad84780c864a1c5
docs/reference/select_gazepoint_model.md,603,f10bfd2fcda2d4cfc8aa7062b90263fb55acd06a26bf78ff87c37c0a2c5a7bcd
docs/reference/select_gazepoint_threshold.md,676,d708636de145217aad1a94ec3c0f2ec4d12873c6c4b97f9bb09e15bac1df1e7d
docs/reference/simulate_gazepoint_governed_data.md,709,ec02b7c30a7d166c377e0b11efec17ff0dcc6738833a9c1ea2906c696c1ff646
docs/reference/simulate_gazepoint_research_handoffs.md,569,9e671db4e2721863058d519bb16bc8b0c4c3de9dde1f5904aa85198bda6bd77f
docs/reference/split_gazepoint_ml_data.md,679,2d32b95b3d6a730ea4f8a7af7a4b2273cd3c6f4c3d73f67e6042f806f0fe1a49
docs/reference/summarize_gazepoint_resample_performance.md,570,abca571373deb762cd8ce43f81e826653a225b37a72bf84d3c658c4cd710f699
docs/reference/summarize_gazepoint_resample_uncertainty.md,538,b6a8cfe197b58332f44ef29acc04c9e16ea21399e78b6c21d76ad6860cadcb4f
docs/reference/summarize_gazepoint_shift.md,439,7db2f9e5d25f349c5c8358e8ca9bee1d80e0fd9b0dbee2570731c59b380ae107
docs/reference/test_gazepoint_model_portability.md,544,3df140699f3a5af8229e4e31788000db65436c735f9daec063d1d436400eb7f7
docs/reference/train_gazepoint_classifier.md,441,ac9782bc24da1a37dc6bd6f2bad90edba7faf95c4e886499b42dd6223c287f6a
docs/reference/tune_gazepoint_model.md,572,aa023d4346c1354d989a2910782a5601840ab59c6075fab79931b519b5931a69
docs/reference/validate_gazepoint_analysis_plan.md,361,07a3a4b60949a81feddc0c2217bbfeb84bb6564478e9a64221a181b3d64804ee
docs/reference/validate_gazepoint_conformal.md,349,1f7caaea8e99d3b66fbdcaa671debc451e1c73f50496a6c804df56d933b58b4b
docs/reference/validate_gazepoint_decision_rule.md,404,a6d21018074faa572d9c83a58d31b0920f9647ebc937f5d85c681f430d49ada3
docs/reference/validate_gazepoint_environment.md,462,89d18ca3e50f2373a0f47a428a9d0f9b63c90cf97ccc6c134feec6fdb09e2829
docs/reference/validate_gazepoint_feature_manifest.md,532,23d6d6ab38c2e996b7b82368ac958d770912f2b32f9f804b58e1fa33b2c8eb6e
docs/reference/validate_gazepoint_fold_diagnostics.md,387,088ded5c88677e4f7a65df6a79103b0e773481e918a0362cd82f31200c00f2e7
docs/reference/validate_gazepoint_group_folds.md,396,655594ab54b89c6310b4bf54c53128eeba3e56f09845bf06659bb97ec3461dc2
docs/reference/validate_gazepoint_handoff.md,346,cee3fc82c7dda7745b878339c95506c32abe50c8e2f60cf5af8083754f6d205a
docs/reference/validate_gazepoint_ml_roles.md,457,86c431ac7ed59ad2d55b4ab8660e48d297c9c22cb1abfaf42f09140ca070cf2e
docs/reference/validate_gazepoint_ml_split.md,385,aed9498802680c8ace2f3dcbfb0a5d1e8f6ffebf9c300b06543b851a49c0e224
docs/reference/validate_gazepoint_model_artifact.md,388,dad99b43327540f0ffc674153774e9a8780319a6c34b593d74e2c92612700b9c
docs/reference/validate_gazepoint_model_tuning.md,424,ac8407affda428cfea714c36f1a7b9138a8f1c4aaf5a054fd1fb316f11129a88
docs/reference/validate_gazepoint_nested_evaluation.md,436,a7dc9366fee3bcd2751b4ff4c692702632cdd6420b1e3dd92b4160d4ec2e6b8b
docs/reference/validate_gazepoint_nested_folds.md,418,a454999c525e13c2535cce1bd1cd6a1493177ef0e8a6d99c4fa7e97de85e3333
docs/reference/validate_gazepoint_release_checksums.md,412,56e823794e4f35d68451cd2a765f6842268439d1ccdabb1154db3cbeba1410f2
docs/reference/validate_gazepoint_resample_evaluation.md,470,7a4bb2724ae5f94bb5db10f8f99a27d30758097de854e17b4038dd82e322a703
docs/reference/validate_gazepoint_research_bundle.md,414,bf56ff5dcd784bd8ee3c26f6cc4733e1ff8318047b17de9cf90d73ae655f61eb
docs/reference/validate_gazepoint_ro_crate.md,378,90ad2665d7a101c578a0e8e9ce6195df6b571ad692fdf3b09f34e44f57639d8f
docs/reference/validate_gazepoint_target_uncertainty.md,465,9277f13c56c4c79697812eab36d9b4bc69f78f57c8bced7c7644db5a4d3cfde8
docs/reference/validate_gazepoint_transportability.md,464,1cdf8f8f93b30e291ed9b399a9bac9dddaaa35c79ec6c05e7657574c7a06bce1
docs/reference/validate_gp3ml_object_contract.md,454,7900350719ede6dd4bf0c492787c5a6e2dd73d7dcc2d235b9ecfe5a6fcb2b233
docs/reference/with_gazepoint_reproducible_output.md,441,e283f511000ec1911dc772d5394f972bb0ce496fa223766c81b5ce9b6e8fd5d5
docs/reference/write_external_validation_report.md,408,348f16db59648aaa2c37a1c5bdc219a54a3d7bd45e43fb1e546f69aa6573ccdf
docs/reference/write_gazepoint_analysis_plan.md,385,d3b4162750471cf135133689aba077f3e1b0d1150b186eff903f8f78b6d203e3
docs/reference/write_gazepoint_feature_manifest_csv.md,616,808f9b365c450e15a70f0aa8a402a185d9a89231dba0650ae545a9eb2dc344c2
docs/reference/write_gazepoint_fold_diagnostics_csv.md,674,96a32ddc003994dcd84412815663f5227be939397fda84e662932692ffc15299
docs/reference/write_gazepoint_group_folds_csv.md,680,c7140fc25a7fb7dd81fdff6dfb8530261709e27af5387326e173ef1b0903506e
docs/reference/write_gazepoint_ml_leakage_audit_csv.md,608,bdb699c4366119e9f996c038c3a693e5de5d66aff66a3bbd62126f7c4b53abb7
docs/reference/write_gazepoint_ml_split_csv.md,569,107eb90aaf178c7309aca7c55c9ad851339a9fe21177bf88886a3d1396b2fedc
docs/reference/write_gazepoint_model_card.md,396,080e4a81e486e911d0ea0cb5d9b254c2a921bbee9aedb9e4dd59e520d72b7f52
docs/reference/write_gazepoint_model_tuning.md,475,da77c9dd1d49fd260c78b440efe4c4327948095262ec799bc1ec50544f84647d
docs/reference/write_gazepoint_nested_evaluation.md,473,d9e318adfd08ef775af12d0d9030dfdb95b7d6eea764bbe94886df43adadfeee
docs/reference/write_gazepoint_release_checksums.md,430,5c05c8aa4692ccc548bd9f40620a741ad731a2bcaece67e999f9e2003084dd2b
docs/reference/write_gazepoint_release_model_card.md,466,00c8a06b722c866c8b0c0aa979aa88db90e3cd296ecddc611bee5c4cfb38cb43
docs/reference/write_gazepoint_reproducibility_audit.md,491,e21ac6dd818f0c3e5a1a19ea0bdc522ba11903f07842bd23f54b856b4cdc3ec6
docs/reference/write_gazepoint_reproducibility_report.md,416,62661ad35615af8ca39f2cc9cce8338a02622bbd05a2d1b3e02b0ddba50eac01
docs/reference/write_gazepoint_resample_evaluation.md,471,ed188c0186765de94db958aa7d37a3548994f04c309e0121a6bc0f40823aae90
docs/reference/write_gazepoint_ro_crate.md,677,55c81ab4b32fa395b345ac847b06400e58e345ed2a5d45c22b395fde5ca60219
docs/reference/write_gazepoint_target_uncertainty.md,473,1f6607c5ad4aba2466d15553c27ed04df82914b11624ceb1f2b305ced601fb1f
docs/reference/write_gazepoint_transportability_report.md,441,be5bf2bb07cd4d94ee808e497e65b17909ad397405f8b279c70a22ddc95d79a6
docs/reference/write_gp3ml_api_contracts.md,446,59111fb129bdc7afebbfeae988db7fd960dd4b652f2307834876bf050124cfb2
docs/reference/write_gp3ml_governance_profile.md,376,f4b4ab971410a0802b3e0d85d06f6063c0ed58d38cf3ad723f7a79f47af578a2
examples/analysis-plan-governance.py,204,0bd681990b318b0e4d63fb7bf93b14c9370e6348c91c518c885a37abfcb8d093
examples/api-stability-contracts.py,204,0bd681990b318b0e4d63fb7bf93b14c9370e6348c91c518c885a37abfcb8d093
examples/assigned-condition-discrimination.py,511,1dee37a7a9ce8878a81afbdbd30b702682a52494b932d76518718f582f9ef945
examples/contaminated-manifest-leakage.py,204,0bd681990b318b0e4d63fb7bf93b14c9370e6348c91c518c885a37abfcb8d093
examples/cross-package-interoperability.py,204,0bd681990b318b0e4d63fb7bf93b14c9370e6348c91c518c885a37abfcb8d093
examples/dataset-shift-and-robustness.py,204,0bd681990b318b0e4d63fb7bf93b14c9370e6348c91c518c885a37abfcb8d093
examples/decision-governance.py,204,0bd681990b318b0e4d63fb7bf93b14c9370e6348c91c518c885a37abfcb8d093
examples/external-validation-reporting.py,204,0bd681990b318b0e4d63fb7bf93b14c9370e6348c91c518c885a37abfcb8d093
examples/governance-standards-profile.py,204,0bd681990b318b0e4d63fb7bf93b14c9370e6348c91c518c885a37abfcb8d093
examples/group-aware-conformal-prediction.py,204,0bd681990b318b0e4d63fb7bf93b14c9370e6348c91c518c885a37abfcb8d093
examples/integrated-research-workflow.py,510,931973e03b07fe62f698ff380dc81c3c2e3cc75eeb412b72d6ea398491604a33
examples/nested-grouped-resampling.py,204,0bd681990b318b0e4d63fb7bf93b14c9370e6348c91c518c885a37abfcb8d093
examples/observed-behavioral-endpoint.py,204,0bd681990b318b0e4d63fb7bf93b14c9370e6348c91c518c885a37abfcb8d093
examples/optional-engine-portability.py,204,0bd681990b318b0e4d63fb7bf93b14c9370e6348c91c518c885a37abfcb8d093
examples/participant-generalization.py,484,97bd4573db51a66814f3ee5f5a29c20047abbb26a9ec4e898569bd91d9a2cd3a
examples/participant-stimulus-generalization.py,516,c66267226904d1138c8a02b111c8e5e6d6b63acce4062cb26231e09c7638a451
examples/portable-research-artifacts.py,204,0bd681990b318b0e4d63fb7bf93b14c9370e6348c91c518c885a37abfcb8d093
examples/recording-quality-review.py,510,931973e03b07fe62f698ff380dc81c3c2e3cc75eeb412b72d6ea398491604a33
examples/reproducibility-hardening.py,204,0bd681990b318b0e4d63fb7bf93b14c9370e6348c91c518c885a37abfcb8d093
examples/stimulus-generalization.py,474,aa0e59e98ab97c5618503c5cd1ca223882d10fbb5b755284a57832f27f4eb33c
mkdocs.yml,401,1aed0f7d254ff0acc10fcd229bcc7d8b3af9e74dbde1d639221b2edd425bcbd6
pyproject.toml,1847,91187182f244b0e38fc95d8b59e6c04b11d1b9066ad090c3097eb3bd10fd2a5b
reference/r_api_inventory.csv,6083,03373f658c0a090e517e5599c4fa6214cb1c66bd426480baa93ea827881c3e38
reference/r_articles.json,746,bef3f537558e56fc27cea403362fdacb2077b2eb83a7f41bae4d04cf3e37f3ac
reference/r_example_inventory.json,1710,d5ca3aa8ed655d7b4fb9881e70540788b98f503ff0b7ee3207c2ccefec576649
reference/r_failure_contracts.json,7560,a2d87949e79c8310b43cba8e1c246a48c82ef5c6a85d6ff27228ca27e92eb378
reference/r_plot_methods.json,530,0c59ad9cc0c38d73f4dc3e78db5a5397c96503c52296c175335b2da462c97fa7
reference/r_print_methods.json,1529,2161e6ffb405358d56c1f0279c7895caf730d8cfbf194dc03c38f3287fd26766
reference/r_public_classes.json,1198,df98dedefb43b76a43f479cefd3361e2ee38b243e91cb83653981972b9fe2338
reference/r_tests_inventory.json,1472,559d8cc6f402975d88561992e6ff8feeab8424b69410ae1cec8635dac3b5e931
reference/reference_summary.json,337,ed2c2665bf67e51bf8c68e5b437a227c9116ba6e5f889a292595f8e64d880d78
scripts/check_installed_wheel.py,557,a61fce1990b95a41ec63188c0b781ebd53655c29feaa8caf65ea487bdfccaf4a
scripts/generate_reference_layer.py,8062,a9170bdc06d031c7637cfbcc5140aa08e27edf2381cf8bfcad7bd9eaa91d69a9
scripts/run_quality_gates.ps1,542,34ea3719f0497c3a2935b3710f60f633ffc7a658f47ee911ae5b8d414172194f
scripts/run_quality_gates.sh,422,d4cb7d045038a6fe3c554484b85c02e3a22176f7fc806f7062c2ca72803f5ebe
scripts/validate_release.py,5014,22885826597f477e4d85c314fcd1a079ae5d8c4c86d23150bb8aa6c57d674219
src/gp3mlpy/__init__.py,5676,a416456974bf96b4bd886957dabc1744d867d31fde17e97594132de6f9769869
src/gp3mlpy/__init__.pyi,23564,b54f24d968c1713140d771f41a84deb0b456a2c8e2c022e5d99a6d68f23f0531
src/gp3mlpy/_reference_docs.py,91523,3b4f45a4b6cad78d82217246cf425cd7614770f8ba53ac704770f375e4a10dde
src/gp3mlpy/_reprs.py,15165,14eccb45a94a971d8e63127e32cc9595d59d8a350bafde618645149091897fc3
src/gp3mlpy/_utils.py,5260,137ff8fced49c5accab9c6a2d3d916f4a0f3e8815d47b089ebf7d099cfb43d4b
src/gp3mlpy/analysis_plan.py,7459,537671489f51cc0f92a23fc1c617433d359271dfd629323243c144dec019ef32
src/gp3mlpy/api_contracts.py,13784,b454f8f2829146037ea1115f8dadfa992c7836d227427dfa61a86629d25e6873
src/gp3mlpy/calibration.py,6508,6809b122c8cc97e3a6ec1c6da789acdd6c22ff72c7af0e33434810786a338162
src/gp3mlpy/conformal.py,9910,dd480f24d9c0ad7fc636b8d2dab2316fefb911693945ddf6d3d6c7f8f4ba43a5
src/gp3mlpy/dataset_shift.py,7441,ae95524f2e118194e8488a5c4d5c9087120af91c285c56d61d393d039a539e2f
src/gp3mlpy/decision_governance.py,13219,d709f351b4bc35cdabccb669c1cf11c3b34d08cfaac73775652d6fee0c339a1b
src/gp3mlpy/deep_learning.py,3312,3383809d7fcf790251d53de9af04b85a7d1bb411cda77d573946b33b72b756a1
src/gp3mlpy/engine_capabilities.py,3649,1e30adbec519864cafc53d1bc8cfa72418a30e2bf5723324ebd737229b21e968
src/gp3mlpy/environment.py,3532,b271b6d094c16d23a9e49fd1d19c89703ba461e3f9cb94c6e65d02d9ae913b9b
src/gp3mlpy/exceptions.py,257,bec3c84cd80bf75ca26ea20404b6aa896355b652134e912813f969072e944619
src/gp3mlpy/external_validation.py,22127,12e4c489a5827ba8984d9c2b73a8dd90b42ad81849177390b405fd33529b869b
src/gp3mlpy/feature_provenance.py,12695,95391d498b4479e6bde961972602444d27b210f540016c278c0c72a6ccf2e7ff
src/gp3mlpy/governance_profiles.py,3304,8be71d08efd5f8bd38083681f0c7c0c3af5abd09d8f2a82ec921d90a3166e08e
src/gp3mlpy/governance_reports.py,12057,6f4484f3c7f257093cf5a5f42f1ce2d8cbbf28758759bbbb24eefb5ffdd1b7f9
src/gp3mlpy/interoperability.py,6945,f29975f5b2bc727500a6dbc86e7c557bdf1495ee94ad545f0683a0d6a283cdb2
src/gp3mlpy/leakage.py,16207,a7b463d4866f240607f7a693dddae21b347f1e78a50ebbfc937f45f44c86c118
src/gp3mlpy/metrics.py,10431,c2edaf5e745ce9e4959aa09355407924fdb1a33f8f96d4ab07701a56119e297b
src/gp3mlpy/model_artifacts.py,8957,64f5394fe5e9e77ef9bea15dafbaa08d6198c8e7cb322a71781fbab7a13dbe85
src/gp3mlpy/model_engines.py,14728,26b53b033aeac70f5e5a337bfc56b2e020a1f2120a0616f6cb9a47ce65e2955c
src/gp3mlpy/model_tuning.py,20304,64b1efd181d055f557ca945a0c210bd0c275d9452f8bc029baf5b63dfc4fe02f
src/gp3mlpy/nested_resampling.py,17416,e6f657cebf5f5a2af227f117ad5c2c2b6ac0a2db73ecd05d1a4b77a4f3b6041a
src/gp3mlpy/objects.py,9426,874f2fc67ba5be7f792a04cd84f07d8321c756e9800d4a90cbb825fef0de8b61
src/gp3mlpy/plotting.py,7638,e1ebf434e846167b5e9bcde2656509111b87027619dedd0f84711596bfb07e3c
src/gp3mlpy/preprocessing.py,6173,179dac6169460b4f6a6699e347f5c4de19e4231a5b064ae715c8cc4858dec7fd
src/gp3mlpy/py.typed,0,e3b0c44298fc1c149afbf4c8996fb92427ae41e4649b934ca495991b7852b855
src/gp3mlpy/release_provenance.py,1674,db439f188bc8583fe6d097b4311e27aef47ed8d414c5ff4a89763afb58c7a24b
src/gp3mlpy/reproducibility.py,3696,a525aa464442944d35a2194323a79e3e8443b4776438d5fd56fe8e8cfbe2a260
src/gp3mlpy/resample_evaluation.py,15594,54e805627ecd8b74f81fec623ed96b9f716247e69b6f41e394d51cdb6f738010
src/gp3mlpy/resampling.py,21192,198114ae55c104cae43632f38e013a109f85e0baa58318fc5fff7db3b0dfa634
src/gp3mlpy/resampling_diagnostics.py,18676,b728b812d886bc210b09391564aabb98d820504942ccbd9408ac0b0ba15035a2
src/gp3mlpy/research_workflow.py,5237,62c00ed817501bf71b4e6f436e8e087286e45af085c5ccb201f86be3a97133a3
src/gp3mlpy/ro_crate.py,3985,6ccdff54fd6780420afa3378ecc2120998522ec4d50073b217b42e57604cab5d
src/gp3mlpy/roadmap_reporting.py,10558,174fa432acba0e2c04bd06ed1c47b6821bc44b67f9e8b5c27ab5f0e59e8f43d3
src/gp3mlpy/robustness.py,5395,30de77fd43487f421eacffe51fb4c759691f177de7577e57b850c8959883cae2
src/gp3mlpy/splitting.py,18481,cb2aa05d9387a14294bc9ec6cd7a2e35446140ffbb50f8407e5206c9ae575ac8
src/gp3mlpy/synthetic.py,6230,384669e01640400a2a70108d9005dd68d560cf5ae9e3b1781af415c05136f46b
src/gp3mlpy/target_uncertainty.py,9823,87f997a0ca44bce246349a1529edcc9022af0ca125b7786c51330b4039d18a3f
src/gp3mlpy/task_governance.py,9501,f774c33240656cb2f1323413cb6e899c5740c660af0f8fb39ee9937c73995f5c
tests/test_core_contracts.py,9762,60f3cf2cbf71db7ecfca3a422c3ef913237767c4423b0c4ec82688311c28948b
tests/test_examples.py,339,01f74de1b1a40b22c5924f8282b2b921d25e17649e20386e613d7eb97eef4edb
tests/test_failure_contracts.py,5181,103f5e34d68d01255ec99b50ddd51da65130314b24f2e6cad640a69873d627c9
tests/test_reference_inventory.py,2665,113876ad2b6f28135303abc1f0b12a43423e5f1e2d7e961c3cdacd0836d69af7
