name,stability,r_reference_version
apply_gazepoint_calibrator,stable,0.3.0
apply_gazepoint_decision_rule,experimental,0.3.0
as_gp3ml_data,experimental,0.3.0
assert_gp3ml_engine_available,experimental,0.3.0
assert_gp3ml_use_case,stable,0.3.0
assess_gazepoint_calibration,stable,0.3.0
assess_gazepoint_conformal_coverage,experimental,0.3.0
audit_gazepoint_abstention,experimental,0.3.0
audit_gazepoint_dataset_shift,experimental,0.3.0
audit_gazepoint_group_folds,stable,0.3.0
audit_gazepoint_missingness_shift,experimental,0.3.0
audit_gazepoint_ml_leakage,stable,0.3.0
audit_gazepoint_model_robustness,experimental,0.3.0
audit_gazepoint_nested_resampling,stable,0.3.0
audit_gazepoint_plan_deviations,experimental,0.3.0
audit_gazepoint_reproducibility,experimental,0.3.0
audit_gp3ml_api_stability,experimental,0.3.0
audit_gp3ml_governance_profile,experimental,0.3.0
bake_gazepoint_preprocessor,stable,0.3.0
bootstrap_gazepoint_metrics,stable,0.3.0
bootstrap_gazepoint_metrics_by_unit,stable,0.3.0
capture_gazepoint_environment,experimental,0.3.0
collect_gazepoint_fold_predictions,stable,0.3.0
combine_gazepoint_handoffs,experimental,0.3.0
compare_gazepoint_environments,experimental,0.3.0
compare_gazepoint_models,stable,0.3.0
create_external_validation_report,stable,0.3.0
create_gazepoint_decision_rule,experimental,0.3.0
create_gazepoint_feature_manifest,stable,0.3.0
create_gazepoint_group_folds,stable,0.3.0
create_gazepoint_handoff,experimental,0.3.0
create_gazepoint_model_artifact,experimental,0.3.0
create_gazepoint_model_card,stable,0.3.0
create_gazepoint_nested_folds,stable,0.3.0
create_gazepoint_release_evidence,stable,0.3.0
create_gazepoint_release_model_card,stable,0.3.0
create_gazepoint_reproducibility_report,stable,0.3.0
create_gazepoint_synthetic_manifest,stable,0.3.0
create_gazepoint_synthetic_task,stable,0.3.0
create_gazepoint_tuning_grid,stable,0.3.0
create_gp3ml_governance_profile,experimental,0.3.0
declare_gazepoint_analysis_plan,experimental,0.3.0
declare_gazepoint_external_dataset,stable,0.3.0
declare_gazepoint_task,stable,0.3.0
diagnose_gazepoint_group_folds,stable,0.3.0
evaluate_external_validation,stable,0.3.0
evaluate_gazepoint_external_transportability,stable,0.3.0
evaluate_gazepoint_feature_stability,experimental,0.3.0
evaluate_gazepoint_group_folds,stable,0.3.0
evaluate_gazepoint_missingness_sensitivity,experimental,0.3.0
evaluate_gazepoint_nested_resampling,stable,0.3.0
evaluate_gazepoint_seed_stability,experimental,0.3.0
evaluate_gazepoint_threshold_stability,experimental,0.3.0
evaluate_gazepoint_thresholds,experimental,0.3.0
fit_gazepoint_calibrator,stable,0.3.0
fit_gazepoint_conformal,experimental,0.3.0
fit_gazepoint_deep_model,stable,0.3.0
fit_gazepoint_model,stable,0.3.0
fit_gazepoint_preprocessor,stable,0.3.0
gazepoint_classification_metrics,stable,0.3.0
gazepoint_performance_metrics,stable,0.3.0
gazepoint_regression_metrics,stable,0.3.0
gp3ml_api_contracts,experimental,0.3.0
gp3ml_available_engines,stable,0.3.0
gp3ml_engine_capabilities,experimental,0.3.0
gp3ml_interop_contracts,experimental,0.3.0
gp3ml_object_schema,experimental,0.3.0
gp3ml_prohibited_uses,stable,0.3.0
integrate_black_box_model,stable,0.3.0
lock_gazepoint_analysis_plan,experimental,0.3.0
normalize_gazepoint_artifact_text,experimental,0.3.0
predict_gazepoint_interval,experimental,0.3.0
predict_gazepoint_set,experimental,0.3.0
restore_gazepoint_model_artifact,experimental,0.3.0
select_gazepoint_model,stable,0.3.0
select_gazepoint_threshold,experimental,0.3.0
simulate_gazepoint_governed_data,stable,0.3.0
simulate_gazepoint_research_handoffs,experimental,0.3.0
split_gazepoint_ml_data,stable,0.3.0
summarize_gazepoint_resample_performance,stable,0.3.0
summarize_gazepoint_resample_uncertainty,stable,0.3.0
summarize_gazepoint_shift,experimental,0.3.0
test_gazepoint_model_portability,experimental,0.3.0
train_gazepoint_classifier,stable,0.3.0
tune_gazepoint_model,stable,0.3.0
validate_gazepoint_analysis_plan,experimental,0.3.0
validate_gazepoint_conformal,experimental,0.3.0
validate_gazepoint_decision_rule,experimental,0.3.0
validate_gazepoint_environment,experimental,0.3.0
validate_gazepoint_feature_manifest,stable,0.3.0
validate_gazepoint_fold_diagnostics,stable,0.3.0
validate_gazepoint_group_folds,stable,0.3.0
validate_gazepoint_handoff,experimental,0.3.0
validate_gazepoint_ml_roles,stable,0.3.0
validate_gazepoint_ml_split,stable,0.3.0
validate_gazepoint_model_artifact,experimental,0.3.0
validate_gazepoint_model_tuning,stable,0.3.0
validate_gazepoint_nested_evaluation,stable,0.3.0
validate_gazepoint_nested_folds,stable,0.3.0
validate_gazepoint_release_checksums,experimental,0.3.0
validate_gazepoint_resample_evaluation,stable,0.3.0
validate_gazepoint_research_bundle,experimental,0.3.0
validate_gazepoint_ro_crate,experimental,0.3.0
validate_gazepoint_target_uncertainty,stable,0.3.0
validate_gazepoint_transportability,stable,0.3.0
validate_gp3ml_object_contract,experimental,0.3.0
with_gazepoint_reproducible_output,experimental,0.3.0
write_external_validation_report,stable,0.3.0
write_gazepoint_analysis_plan,experimental,0.3.0
write_gazepoint_feature_manifest_csv,stable,0.3.0
write_gazepoint_fold_diagnostics_csv,stable,0.3.0
write_gazepoint_group_folds_csv,stable,0.3.0
write_gazepoint_ml_leakage_audit_csv,stable,0.3.0
write_gazepoint_ml_split_csv,stable,0.3.0
write_gazepoint_model_card,stable,0.3.0
write_gazepoint_model_tuning,stable,0.3.0
write_gazepoint_nested_evaluation,stable,0.3.0
write_gazepoint_release_checksums,experimental,0.3.0
write_gazepoint_release_model_card,stable,0.3.0
write_gazepoint_reproducibility_audit,experimental,0.3.0
write_gazepoint_reproducibility_report,stable,0.3.0
write_gazepoint_resample_evaluation,stable,0.3.0
write_gazepoint_ro_crate,experimental,0.3.0
write_gazepoint_target_uncertainty,stable,0.3.0
write_gazepoint_transportability_report,stable,0.3.0
write_gp3ml_api_contracts,experimental,0.3.0
write_gp3ml_governance_profile,experimental,0.3.0
